"segment","total_sales_segment","total_profit_segment","profit_margin_segment"
"Consumer","6508141","749239.78206","11.51234710587862186800"
"Corporate","3824808","442785.85866","11.57668198403684577100"
"Home Office","2309956","277009.18056","11.99196783661680135900"
