"year","total_profit","total_sales","profit_margin_percentage"
2011,"248940.81154","2259511","11.01746402385294871300"
2012,"307415.27910","2677493","11.48145967515134493300"
2013,"408512.76018","3405860","11.99440846599684073900"
2014,"504165.97046","4300041","11.72467821725420757600"
