"market","total_sales_market","total_profit_market","cogs_market","profit_margin_market"
"APAC","3585833","437577.5790","3148255.4210","12.20295476671668758700"
"Africa","783776","88871.631","694904.369","11.33890690707549095700"
"Canada","66932","17817.39","49114.61","26.62013685531584294500"
"EMEA","806184","43897.971","762286.029","5.44515532434282992500"
"EU","2938139","372829.7415","2565309.2585","12.68931597518020760800"
"LATAM","2164687","221643.48708","1943043.51292","10.23905474925474214100"
"US","2297354","286397.0217","2010956.9783","12.46638618602096150600"
